product_name,category,revenue,profit,orders,avg_discount,total_qty,margin_pct,rank
Regency Cakestand 3 Tier,Kitchen & Dining,146614.78,55712.12,1816,3.0,11786,38.0,1
Party Bunting,Home Decor,98296.59,34402.83,1637,3.0,18058,35.0,2
White Hanging Heart T-Light Holder,Home Decor,95058.55,33266.66,2028,3.0,34021,35.0,3
Jumbo Bag Red Retrospot,Storage & Organization,90320.9,27096.44,1970,3.0,46323,30.0,4
Rabbit Night Light,Home Decor,58321.39,20413.83,992,4.0,26348,35.0,5
Paper Chain Kit 50'S Christmas,Seasonal & Christmas,55726.49,23404.81,997,3.0,16895,42.0,6
Assorted Colour Bird Ornament,Home Decor,50933.06,17824.850000000002,1353,4.0,31210,35.0,7
Chilli Lights,Home Decor,46611.32,16313.68,581,3.0,8716,35.0,8
Spotty Bunting,Home Decor,42548.13,14892.58,1140,4.0,8327,35.0,9
Jumbo Bag Pink Polkadot,Storage & Organization,41432.03,12429.75,1162,3.0,20971,30.0,10
Doormat Keep Calm And Come In,Garden & Outdoor,38166.64,10686.35,728,4.0,5491,28.0,11
Set Of 3 Cake Tins Pantry Design,Kitchen & Dining,36750.72,13963.41,1324,3.0,7239,38.0,12
Jam Making Set With Jars,Kitchen & Dining,34404.6,13074.01,1027,3.0,8106,38.0,13
Black Record Cover Frame,Home Decor,34357.590000000004,12025.02,348,3.0,9812,35.0,14
Lunch Bag Red Retrospot,Kitchen & Dining,34304.62,13035.82,1479,3.0,18621,38.0,15
Popcorn Holder,Storage & Organization,34298.87,10289.61,803,3.0,36761,30.0,16
Jumbo Bag Strawberry,Storage & Organization,31831.37,9549.45,773,3.0,16846,30.0,17
Victorian Glass Hanging T-Light,Kitchen & Dining,31386.34,11926.74,968,3.0,22949,38.0,18
Set Of 3 Regency Cake Tins,Kitchen & Dining,31177.95,11845.6,873,3.0,6357,38.0,19
Jumbo Bag Apples,Storage & Organization,30475.65,9142.91,978,3.0,14920,30.0,20
Jumbo Storage Bag Suki,Storage & Organization,29186.69,8755.89,1115,3.0,13069,30.0,21
Wood Black Board Ant White Finish,General Merchandise,29182.15,9338.51,626,3.0,4673,32.0,22
Hot Water Bottle Keep Calm,Kitchen & Dining,28842.55,10959.01,782,3.0,5841,38.0,23
Heart Of Wicker Small,Home Decor,28714.35,10049.42,1060,3.0,16172,35.0,24
Alarm Clock Bakelike Red,Home Decor,28589.46,10005.35,965,3.0,7319,35.0,25
Jumbo Bag Alphabet,Storage & Organization,27890.170000000002,8366.93,906,3.0,13379,30.0,26
Paper Chain Kit Vintage Christmas,Seasonal & Christmas,27853.97,11698.48,689,3.0,9073,42.0,27
Roses Regency Teacup And Saucer,Kitchen & Dining,27528.86,10462.050000000001,999,3.0,9398,38.0,28
Jumbo Shopper Vintage Red Paisley,Stationery & Gifts,26936.93,12122.619999999999,1103,3.0,11850,45.0,29
Heart Of Wicker Large,Home Decor,26837.49,9391.49,807,3.0,8817,35.0,30
Jumbo  Bag Baroque Black White,Storage & Organization,26228.05,7868.52,880,3.0,13005,30.0,31
Natural Slate Heart Chalkboard,Home Decor,25971.05,9087.41,1155,3.0,8559,35.0,32
Charlotte Bag Suki Design,Storage & Organization,25677.14,7703.32,818,4.0,16171,30.0,33
Chocolate Hot Water Bottle,Kitchen & Dining,25539.05,9704.1,710,3.0,4795,38.0,34
Alarm Clock Bakelike Green,Home Decor,25105.68,8786.03,880,3.0,5947,35.0,35
Doormat Red Retrospot,Garden & Outdoor,25100.18,7027.97,626,3.0,3707,28.0,36
Gin + Tonic Diet Metal Sign,Stationery & Gifts,24966.71,11235.71,694,3.0,11359,45.0,37
Regency Teapot Roses,Kitchen & Dining,24918.93,9468.25,416,4.0,2770,38.0,38
Hot Water Bottle Tea And Sympathy,Kitchen & Dining,24875.73,9452.96,556,3.0,4538,38.0,39
Recipe Box Pantry Yellow Design,Storage & Organization,24776.0,7432.19,1022,3.0,7832,30.0,40
Jumbo Bag Vintage Doily,Storage & Organization,24522.36,7356.650000000001,711,3.0,11464,30.0,41
Baking Set 9 Piece Retrospot,Kitchen & Dining,24165.47,9181.56,930,3.0,4933,38.0,42
Spaceboy Lunch Box,Kitchen & Dining,24066.77,9144.03,828,3.0,13366,38.0,43
Vintage Union Jack Bunting,Home Decor,23952.15,8382.52,453,3.0,2722,35.0,44
Doormat Union Flag,Garden & Outdoor,23900.38,6692.05,561,3.0,3536,28.0,45
Jumbo Bag 50'S Christmas,Seasonal & Christmas,23815.75,10003.03,716,4.0,10306,42.0,46
Set Of Tea Coffee Sugar Tins Pantry,Kitchen & Dining,23514.170000000002,8934.42,470,3.0,4805,38.0,47
Set Of 6 Spice Tins Pantry Design,Storage & Organization,23311.25,6992.86,795,3.0,5711,30.0,48
Doormat Fairy Cake,Kitchen & Dining,23299.22,8853.53,335,3.0,3556,38.0,49
Doormat New England,Garden & Outdoor,23157.43,6484.0,561,3.0,3682,28.0,50
Jam Making Set Printed,General Merchandise,22968.14,7350.67,1023,3.0,14751,32.0,51
Please One Person Metal Sign,Stationery & Gifts,22881.04,10296.49,744,3.0,11121,45.0,52
Edwardian Parasol Natural,Garden & Outdoor,22803.48,6385.5,501,3.0,3929,28.0,53
Round Snack Boxes Set Of4 Woodland,Storage & Organization,22759.45,6827.639999999999,680,3.0,8025,30.0,54
Retrospot Tea Set Ceramic 11 Pc,Kitchen & Dining,22606.329999999998,8589.279999999999,950,3.0,4479,38.0,55
Paper Bunting Retrospot,Home Decor,22332.97,7815.01,777,3.0,7421,35.0,56
Jumbo Bag Owls,Storage & Organization,22066.95,6620.16,608,3.0,10949,30.0,57
Jumbo Bag Pink Vintage Paisley,Storage & Organization,22057.55,6617.360000000001,823,3.0,10458,30.0,58
Jumbo Bag Vintage Leaf,Storage & Organization,21852.81,6555.780000000001,879,3.0,10962,30.0,59
Wooden Picture Frame White Finish,Home Decor,21792.93,7628.0,1020,3.0,8471,35.0,60
Red  Harmonica In Box,Storage & Organization,21526.66,6458.17,594,3.0,17603,30.0,61
Cream Sweetheart Mini Chest,Home Decor,21523.37,7531.93,487,3.0,1717,35.0,62
Lunch Bag  Black Skull.,Kitchen & Dining,21370.91,8121.0,1210,3.0,11715,38.0,63
Red Toadstool Led Night Light,Home Decor,21226.170000000002,7429.01,788,3.0,12188,35.0,64
Green Regency Teacup And Saucer,Kitchen & Dining,21211.68,8061.47,949,3.0,6836,38.0,65
Jumbo Bag Woodland Animals,Storage & Organization,21160.12,6348.22,828,3.0,9401,30.0,66
Red Hanging Heart T-Light Holder,Home Decor,21106.62,7385.88,649,3.0,7150,35.0,67
Doormat Hearts,Home Decor,20992.21,7346.72,556,3.0,3271,35.0,68
Lunch Bag Apple Design,Kitchen & Dining,20911.98,7946.58,1036,3.0,12183,38.0,69
Lunch Bag Cars Blue,Kitchen & Dining,20821.17,7912.01,1101,3.0,11308,38.0,70
Dolly Girl Lunch Box,Kitchen & Dining,20624.28,7836.0,783,3.0,11307,38.0,71
Red Retrospot Charlotte Bag,Storage & Organization,20462.09,6138.81,974,3.0,17009,30.0,72
Doormat Fancy Font Home Sweet Home,Garden & Outdoor,19819.96,5549.53,455,3.0,3042,28.0,73
Cook With Wine Metal Sign,Stationery & Gifts,19811.2,8915.01,651,3.0,9756,45.0,74
Rotating Silver Angels T-Light Hldr,Home Decor,19724.170000000002,6903.76,375,3.0,7132,35.0,75
Antique Silver T-Light Glass,Kitchen & Dining,19411.62,7376.1,689,3.0,14688,38.0,76
Alarm Clock Bakelike Pink,Home Decor,19269.670000000002,6743.62,712,3.0,5026,35.0,77
Scottie Dog Hot Water Bottle,Kitchen & Dining,19253.04,7315.41,611,3.0,3708,38.0,78
Red Retrospot Cake Stand,Kitchen & Dining,19223.25,7304.17,480,3.0,1813,38.0,79
Wooden Frame Antique White,Home Decor,18880.47,6605.79,872,3.0,6244,35.0,80
Lunch Bag Suki Design,Kitchen & Dining,18750.58,7125.15,1084,3.0,10332,38.0,81
Picnic Basket Wicker Large,Storage & Organization,18620.93,5586.2,416,3.0,1563,30.0,82
Pack Of 72 Retrospot Cake Cases,Kitchen & Dining,18577.52,7062.349999999999,1221,3.0,32313,38.0,83
Assorted Colours Silk Fan,General Merchandise,18433.72,5898.76,495,3.0,23665,32.0,84
Lunch Box I Love London,Kitchen & Dining,18035.079999999998,6852.52,618,3.0,9987,38.0,85
Cream Heart Card Holder,Home Decor,17742.260000000002,6209.35,485,3.0,6012,35.0,86
Gumball Coat Rack,Storage & Organization,17537.56,5261.31,636,3.0,7397,30.0,87
Pink Regency Teacup And Saucer,Kitchen & Dining,17531.1,6662.64,762,4.0,5818,38.0,88
Lunch Bag Spaceboy Design,Kitchen & Dining,17338.43,6588.65,1103,3.0,10003,38.0,89
Jumbo Bag Doiley Patterns,Storage & Organization,17272.85,5181.85,514,3.0,8895,30.0,90
Jumbo Bag Scandinavian Blue Paisley,Storage & Organization,17245.93,5173.8,662,3.0,8414,30.0,91
Lunch Bag Woodland,Kitchen & Dining,17147.55,6515.99,963,3.0,9362,38.0,92
Homemade Jam Scented Candles,Home Decor,16955.649999999998,5934.29,568,3.0,11327,35.0,93
Childrens Cutlery Polkadot Pink,Kitchen & Dining,16874.27,6412.469999999999,423,4.0,3953,38.0,94
Lunch Bag Pink Polkadot,Kitchen & Dining,16870.6,6410.639999999999,1052,3.0,10185,38.0,95
Jumbo Bag Spaceboy Design,Storage & Organization,16655.64,4996.76,655,3.0,8454,30.0,96
Set Of 4 Pantry Jelly Moulds,General Merchandise,16507.23,5282.17,1073,4.0,12672,32.0,97
Gardeners Kneeling Pad Keep Calm,Garden & Outdoor,16357.05,4578.79,913,3.0,8825,28.0,98
Set/5 Red Retrospot Lid Glass Bowls,Kitchen & Dining,16170.24,6144.81,813,3.0,5584,38.0,99
Hanging Heart Jar T-Light Holder,Kitchen & Dining,16129.8,6129.0,705,3.0,12221,38.0,100
Hot Baths Metal Sign,Stationery & Gifts,16087.199999999999,7239.2,560,3.0,6859,45.0,101
Vintage Union Jack Memoboard,Stationery & Gifts,16010.46,7205.2300000000005,189,3.0,2210,45.0,102
Hand Warmer Owl Design,Stationery & Gifts,15878.66,7145.4,576,3.0,7539,45.0,103
Vintage Christmas Bunting,Seasonal & Christmas,15833.31,6650.76,401,3.0,2997,42.0,104
6 Ribbons Rustic Charm,Stationery & Gifts,15718.98,7073.61,879,3.0,8436,45.0,105
Edwardian Parasol Black,Garden & Outdoor,15591.34,4365.95,342,3.0,2726,28.0,106
Mini Paint Set Vintage,Stationery & Gifts,15321.02,6894.44,348,3.0,23923,45.0,107
Set/4 White Retro Storage Cubes,Storage & Organization,15308.15,4592.88,152,4.0,386,30.0,108
Ivory Kitchen Scales,Kitchen & Dining,15199.25,5775.7,650,3.0,1758,38.0,109
Woodland Charlotte Bag,Storage & Organization,15139.15,4542.06,783,3.0,12263,30.0,110
Colour Glass. Star T-Light Holder,Kitchen & Dining,15096.88,5736.72,224,2.0,5072,38.0,111
Home Building Block Word,General Merchandise,15031.2,4809.15,697,3.0,2472,32.0,112
Paper Chain Kit Empire,Stationery & Gifts,14739.41,6632.62,413,3.0,5103,45.0,113
Hand Over The Chocolate   Sign,Stationery & Gifts,14619.98,6578.88,613,3.0,7553,45.0,114
Hot Water Bottle I Am So Poorly,Kitchen & Dining,14501.1,5509.75,550,4.0,2867,38.0,115
Recycling Bag Retrospot,Storage & Organization,14334.9,4300.87,690,3.0,6458,30.0,116
Round Snack Boxes Set Of 4 Fruits,Storage & Organization,14301.27,4290.17,543,4.0,4987,30.0,117
Retrospot Heart Hot Water Bottle,Kitchen & Dining,14202.44,5396.16,503,3.0,2887,38.0,118
Jumbo Bag Pears,Storage & Organization,14197.28,4259.2,595,3.0,7071,30.0,119
Jumbo Bag Vintage Christmas,Seasonal & Christmas,13978.95,5871.5,476,3.0,6081,42.0,120
Set 2 Tea Towels I Love London,Kitchen & Dining,13957.19,5304.07,460,3.0,4609,38.0,121
Doughnut Lip Gloss,General Merchandise,13720.77,4390.66,344,3.0,10415,32.0,122
Love Hot Water Bottle,Kitchen & Dining,13494.970000000001,5127.3,476,4.0,2386,38.0,123
Bread Bin Diner Style Ivory,General Merchandise,13443.84,4301.67,353,3.0,850,32.0,124
Wood 2 Drawer Cabinet White Finish,Storage & Organization,13412.66,4023.5899999999997,475,3.0,2065,30.0,125
Pink Blue Felt Craft Trinket Box,Storage & Organization,13371.55,4011.79,483,3.0,10622,30.0,126
Lunch Bag Alphabet Design,Kitchen & Dining,13360.2,5076.929999999999,740,3.0,7851,38.0,127
Set Of 10 Led Dolly Lights,Home Decor,13303.02,4656.94,372,3.0,2221,35.0,128
Set 6 School Milk Bottles In Crate,Kitchen & Dining,13284.49,5047.76,405,3.0,2845,38.0,129
Doormat English Rose,Garden & Outdoor,13278.05,3717.8199999999997,373,3.0,1901,28.0,130
Grow A Flytrap Or Sunflower In Tin,Home Decor,13162.44,4606.95,296,4.0,11227,35.0,131
3 Hook Photo Shelf Antique White,Storage & Organization,13103.69,3931.18,356,3.0,1742,30.0,132
Jumbo Storage Bag Skulls,Storage & Organization,12971.880000000001,3891.69,663,3.0,5978,30.0,133
Memo Board Retrospot  Design,Stationery & Gifts,12934.710000000001,5821.41,431,3.0,2682,45.0,134
Red Woolly Hottie White Heart.,Home Decor,12853.25,4498.5,299,3.0,2927,35.0,135
Plasters In Tin Spaceboy,Storage & Organization,12811.31,3842.9700000000003,611,4.0,7617,30.0,136
Childrens Cutlery Retrospot Red,Kitchen & Dining,12604.23,4789.75,317,3.0,2907,38.0,137
Plasters In Tin Woodland Animals,Storage & Organization,12598.89,3779.08,647,4.0,7406,30.0,138
Tea Time Party Bunting,Kitchen & Dining,12577.9,4779.04,444,3.0,2516,38.0,139
Wooden Union Jack Bunting,Home Decor,12570.460000000001,4399.57,396,3.0,2056,35.0,140
Christmas Lights 10 Reindeer,Seasonal & Christmas,12405.76,5210.27,257,4.0,1526,42.0,141
Paper Chain Kit Retrospot,Stationery & Gifts,12395.28,5577.63,547,3.0,4174,45.0,142
Childrens Cutlery Polkadot Blue,Kitchen & Dining,12371.12,4701.19,289,3.0,2848,38.0,143
White Skull Hot Water Bottle,Kitchen & Dining,12365.72,4699.07,369,3.0,2511,38.0,144
Regency Sugar Bowl Green,Kitchen & Dining,12350.73,4693.28,322,3.0,3057,38.0,145
Hand Warmer Scotty Dog Design,Stationery & Gifts,12334.949999999999,5550.62,469,3.0,5678,45.0,146
Enamel Flower Jug Cream,Kitchen & Dining,12308.35,4676.42,482,3.0,2057,38.0,147
Doormat Spotty Home Sweet Home,Garden & Outdoor,12273.75,3436.73,435,3.0,1604,28.0,148
Wooden Rounders Garden Set,Garden & Outdoor,12183.779999999999,3411.49,341,3.0,1293,28.0,149
Red Kitchen Scales,Kitchen & Dining,12162.08,4621.58,476,3.0,1432,38.0,150
Pink Happy Birthday Bunting,Home Decor,12015.98,4205.76,393,3.0,2306,35.0,151
Strawberry Ceramic Trinket Box,Storage & Organization,11933.02,3580.2799999999997,626,3.0,8943,30.0,152
Doormat Welcome Puppies,Garden & Outdoor,11862.55,3321.4500000000003,271,3.0,2035,28.0,153
Gardeners Kneeling Pad Cup Of Tea,Kitchen & Dining,11815.69,4489.49,758,4.0,6827,38.0,154
Clothes Pegs Retrospot Pack 24,General Merchandise,11765.59,3765.52,704,3.0,7530,32.0,155
Strawberry Charlotte Bag,Storage & Organization,11740.12,3522.13,679,3.0,9368,30.0,156
Paper Bunting White Lace,Home Decor,11722.1,4102.1900000000005,310,4.0,4034,35.0,157
Vintage Snap Cards,Stationery & Gifts,11687.869999999999,5259.11,859,4.0,13583,45.0,158
Enamel Bread Bin Cream,General Merchandise,11686.23,3739.7400000000002,428,4.0,829,32.0,159
Love Building Block Word,General Merchandise,11665.77,3732.33,583,3.0,1892,32.0,160
Ivory Diner Wall Clock,Home Decor,11656.67,4079.3,396,3.0,1416,35.0,161
Jumbo Bag Paisley Park,Storage & Organization,11613.03,3483.81,338,3.0,5035,30.0,162
Assorted Colour Mini Cases,Storage & Organization,11572.24,3471.37,349,4.0,1628,30.0,163
Red Retrospot Picnic Bag,Storage & Organization,11561.81,3467.82,518,3.0,3963,30.0,164
Feltcraft Doll Molly,General Merchandise,11560.48,3698.55,304,3.0,4364,32.0,165
Red Diner Wall Clock,Home Decor,11501.789999999999,4025.0,439,3.0,1358,35.0,166
Feltcraft 6 Flower Friends,Home Decor,11439.53,4004.06,486,3.0,5741,35.0,167
Small Popcorn Holder,Storage & Organization,11328.36,3398.4900000000002,467,3.0,13122,30.0,168
Feltcraft Cushion Owl,Home Decor,11313.19,3959.35,407,3.0,3094,35.0,169
Red Retrospot Mini Cases,Storage & Organization,11292.09,3387.42,347,3.0,1567,30.0,170
Set/3 Red Gingham Rose Storage Box,Storage & Organization,11289.63,3386.94,447,3.0,2882,30.0,171
Regency Tea Plate Roses,Kitchen & Dining,11117.05,4223.6,445,3.0,6869,38.0,172
World War 2 Gliders Asstd Designs,Stationery & Gifts,11115.4,5000.69,493,3.0,42460,45.0,173
Doormat Welcome To Our Home,Garden & Outdoor,11022.82,3086.24,425,3.0,1474,28.0,174
Wooden Croquet Garden Set,Garden & Outdoor,10826.92,3031.97,284,3.0,755,28.0,175
Classic Metal Birdcage Plant Holder,Storage & Organization,10822.1,3246.07,274,3.0,937,30.0,176
Lunch Bag Vintage Doily,Kitchen & Dining,10820.1,4111.82,601,3.0,6562,38.0,177
Red Retrospot Round Cake Tins,Kitchen & Dining,10756.24,4086.95,308,3.0,1028,38.0,178
Lunch Bag Dolly Girl Design,Kitchen & Dining,10693.56,4063.6,649,3.0,6502,38.0,179
Metal Sign Take It Or Leave It,Stationery & Gifts,10691.63,4811.33,377,3.0,3653,45.0,180
Box Of Vintage Alphabet Blocks,Storage & Organization,10685.77,3205.67,224,3.0,996,30.0,181
Picnic Basket Wicker Small,Storage & Organization,10674.36,3202.31,409,3.0,1703,30.0,182
"Set 3 Retrospot Tea,Coffee,Sugar",Kitchen & Dining,10673.01,4055.21,394,3.0,2018,38.0,183
Red Retrospot Umbrella,General Merchandise,10597.03,3390.65,336,3.0,1850,32.0,184
Alarm Clock Bakelike Ivory,Home Decor,10553.28,3693.1,517,3.0,2668,35.0,185
Set/20 Red Retrospot Paper Napkins,Kitchen & Dining,10549.52,4010.0,925,3.0,12354,38.0,186
Lunch Bag Doiley Pattern,Kitchen & Dining,10510.44,3994.06,492,3.0,6556,38.0,187
3 Hearts Hanging Decoration Rustic,Home Decor,10506.22,3677.07,248,3.0,2970,35.0,188
Lunch Bag Vintage Leaf Design,Kitchen & Dining,10498.01,3989.22,668,3.0,6342,38.0,189
Hand Warmer Bird Design,Stationery & Gifts,10486.84,4719.0,439,3.0,4826,45.0,190
Charlotte Bag Pink Polkadot,Storage & Organization,10468.74,3140.75,695,3.0,9101,30.0,191
Revolver Wooden Ruler,General Merchandise,10379.84,3321.5,348,4.0,5236,32.0,192
Grey Heart Hot Water Bottle,Kitchen & Dining,10374.42,3942.2799999999997,459,3.0,2597,38.0,193
Jumbo Bag Toys,Storage & Organization,10285.69,3085.93,497,3.0,4714,30.0,194
Traditional Wooden Skipping Rope,General Merchandise,10250.59,3280.38,388,3.0,7966,32.0,195
"Record Frame 7"" Single Size",Home Decor,10245.03,3586.09,331,3.0,3879,35.0,196
Vintage Doily Jumbo Bag Red,Storage & Organization,10233.45,3069.9900000000002,259,3.0,4815,30.0,197
Pack Of 60 Pink Paisley Cake Cases,Kitchen & Dining,10219.23,3885.1299999999997,808,3.0,20430,38.0,198
Feltcraft Cushion Rabbit,Home Decor,10215.09,3575.08,322,4.0,2836,35.0,199
Colour Glass T-Light Holder Hanging,Kitchen & Dining,10212.050000000001,3880.25,598,3.0,15997,38.0,200
Wood S/3 Cabinet Ant White Finish,General Merchandise,10190.279999999999,3261.12,340,3.0,1178,32.0,201
Set 7 Babushka Nesting Boxes,Storage & Organization,10112.15,3033.7,303,2.0,1263,30.0,202
Bread Bin Diner Style Red,General Merchandise,10106.22,3233.73,263,4.0,631,32.0,203
Blue Happy Birthday Bunting,Home Decor,10089.94,3531.58,379,3.0,1912,35.0,204
Regency Tea Plate Green,Kitchen & Dining,10051.99,3819.0099999999998,381,3.0,6247,38.0,205
Ice Cream Sundae Lip Gloss,General Merchandise,9965.76,3189.0299999999997,277,3.0,8100,32.0,206
London Bus Coffee Mug,Kitchen & Dining,9942.76,3777.88,303,3.0,4254,38.0,207
15Cm Christmas Glass Ball 20 Lights,Seasonal & Christmas,9941.220000000001,4175.58,222,3.0,1256,42.0,208
Set Of 6 Ribbons Vintage Christmas,Seasonal & Christmas,9941.1,4174.99,412,3.0,3148,42.0,209
Baking Set Spaceboy Design,Kitchen & Dining,9930.4,3772.8999999999996,434,3.0,2030,38.0,210
Set Of 4 Knick Knack Tins Doily,Storage & Organization,9759.68,2928.15,353,3.0,2360,30.0,211
Doormat Home Sweet Home Blue,Garden & Outdoor,9691.52,2713.56,270,3.0,1588,28.0,212
Traditional Knitting Nancy,Storage & Organization,9660.19,2897.77,577,3.0,5871,30.0,213
Antique Silver Tea Glass Engraved,Kitchen & Dining,9633.05,3660.36,310,4.0,8186,38.0,214
Doormat Black Flock,Garden & Outdoor,9611.94,2691.44,168,3.0,1743,28.0,215
Regency Milk Jug Pink,Kitchen & Dining,9600.15,3647.96,329,3.0,3164,38.0,216
Pantry Rolling Pin,General Merchandise,9568.73,3062.12,238,3.0,2465,32.0,217
Soldiers Egg Cup,Kitchen & Dining,9538.38,3624.41,338,4.0,8052,38.0,218
Blue Harmonica In Box,Storage & Organization,9524.44,2857.59,547,3.0,7261,30.0,219
Knitted Union Flag Hot Water Bottle,Kitchen & Dining,9482.32,3603.28,329,3.0,2059,38.0,220
Family Album White Picture Frame,Home Decor,9413.63,3294.38,343,3.0,1097,35.0,221
Plasters In Tin Circus Parade,Storage & Organization,9363.26,2808.4900000000002,518,4.0,5701,30.0,222
Photo Frame Cornice,Home Decor,9353.74,3273.32,470,3.0,3146,35.0,223
No Singing Metal Sign,Stationery & Gifts,9335.52,4201.0,436,3.0,4380,45.0,224
Red Spotty Biscuit Tin,Storage & Organization,9311.77,2793.57,356,3.0,2273,30.0,225
Wooden School Colouring Set,General Merchandise,9297.15,2975.71,407,3.0,5607,32.0,226
3 Tier Cake Tin Red And Cream,Kitchen & Dining,9287.43,3529.0,149,4.0,665,38.0,227
Zinc Folkart Sleigh Bells,General Merchandise,9281.300000000001,2969.6,451,3.0,5007,32.0,228
Box Of 6 Mini 50'S Crackers,Storage & Organization,9266.84,2779.4300000000003,403,3.0,3739,30.0,229
Strawberry Lunch Box With Cutlery,Kitchen & Dining,9248.36,3513.5,535,4.0,3758,38.0,230
Box Of 6 Mini Vintage Crackers,Storage & Organization,9167.39,2749.82,376,3.0,3811,30.0,231
Vintage Cream Dog Food Container,Storage & Organization,9160.02,2748.14,387,3.0,954,30.0,232
Red Metal Box Top Secret,Storage & Organization,9158.87,2747.93,257,3.0,1079,30.0,233
Edwardian Parasol Red,Garden & Outdoor,9148.970000000001,2562.1,294,3.0,1562,28.0,234
Vintage Heads And Tails Card Game,Stationery & Gifts,9145.85,4115.38,544,4.0,6721,45.0,235
Set 2 Pantry Design Tea Towels,Kitchen & Dining,9012.27,3424.91,372,3.0,2815,38.0,236
Feltcraft Cushion Butterfly,Home Decor,8993.87,3147.61,281,3.0,2479,35.0,237
Pottering In The Shed Metal Sign,Stationery & Gifts,8974.06,4038.48,493,3.0,4011,45.0,238
Red Retrospot Peg Bag,Storage & Organization,8944.34,2683.09,460,3.0,2993,30.0,239
Hand Warmer Red Love Heart,Home Decor,8941.61,3129.88,397,3.0,4027,35.0,240
Large White Heart Of Wicker,Home Decor,8925.41,3122.56,562,3.0,3085,35.0,241
Traditional Modelling Clay,General Merchandise,8863.33,2836.2599999999998,349,3.0,7538,32.0,242
Set Of 6 Soldier Skittles,General Merchandise,8850.17,2832.14,397,3.0,2236,32.0,243
T-Light Glass Fluted Antique,Kitchen & Dining,8849.5,3362.58,299,3.0,7271,38.0,244
Sweetheart Cakestand 3 Tier,Kitchen & Dining,8840.16,3358.6,346,3.0,876,38.0,245
Natural Slate Chalkboard Large,General Merchandise,8819.8,2821.92,438,3.0,1618,32.0,246
Christmas Craft Little Friends,Seasonal & Christmas,8818.77,3703.1,473,4.0,3758,42.0,247
Plasters In Tin Strongman,Storage & Organization,8797.5,2638.84,465,3.0,5382,30.0,248
Pink Cream Felt Craft Trinket Box,Storage & Organization,8710.2,2613.39,565,3.0,7039,30.0,249
60 Cake Cases Vintage Christmas,Seasonal & Christmas,8626.48,3622.08,540,3.0,14706,42.0,250
Set 6 Paper Table Lantern Hearts,Home Decor,8577.51,3001.2200000000003,297,3.0,2333,35.0,251
Ice Cream Pen Lip Gloss,Stationery & Gifts,8553.34,3849.05,257,3.0,6831,45.0,252
Clear Drawer Knob Acrylic Edwardian,Storage & Organization,8545.7,2563.79,419,4.0,6199,30.0,253
Childrens Cutlery Spaceboy,Kitchen & Dining,8525.970000000001,3240.17,360,3.0,2079,38.0,254
Vintage Doily Travel Sewing Kit,Stationery & Gifts,8509.68,3830.2599999999998,415,3.0,3970,45.0,255
Small White Heart Of Wicker,Home Decor,8473.27,2965.0,629,3.0,4737,35.0,256
Feltcraft Princess Charlotte Doll,General Merchandise,8459.74,2707.17,405,4.0,2166,32.0,257
Set Of 3 Notebooks In Parcel,Stationery & Gifts,8449.1,3801.84,367,3.0,5156,45.0,258
Set Of 20 Kids Cookie Cutters,General Merchandise,8437.5,2698.89,468,4.0,3895,32.0,259
Area Patrolled Metal Sign,Stationery & Gifts,8434.48,3795.42,406,3.0,4174,45.0,260
Small Glass Heart Trinket Pot,Kitchen & Dining,8424.52,3200.79,491,4.0,3711,38.0,261
Gingerbread Man Cookie Cutter,General Merchandise,8419.45,2694.25,607,3.0,6804,32.0,262
60 Teatime Fairy Cake Cases,Kitchen & Dining,8390.03,3189.89,761,3.0,16627,38.0,263
Wooden Advent Calendar Red,Seasonal & Christmas,8272.54,3474.33,124,3.0,730,42.0,264
Fawn Blue Hot Water Bottle,Kitchen & Dining,8260.72,3138.9900000000002,367,3.0,2410,38.0,265
Alarm Clock Bakelike Orange,Home Decor,8249.17,2886.74,389,4.0,2132,35.0,266
Set Of 3 Heart Cookie Cutters,Home Decor,8179.28,2862.67,637,3.0,6098,35.0,267
Hand Warmer Union Jack,General Merchandise,8100.26,2591.5,388,3.0,3904,32.0,268
Doormat Multicolour Stripe,Garden & Outdoor,8094.43,2266.53,173,3.0,1360,28.0,269
Set/2 Red Retrospot Tea Towels,Kitchen & Dining,8059.78,3063.15,350,3.0,2474,38.0,270
Wooden Box Of Dominoes,Storage & Organization,8059.34,2418.19,522,3.0,5786,30.0,271
Ladies & Gentlemen Metal Sign,Stationery & Gifts,8039.4800000000005,3618.3,417,3.0,3427,45.0,272
Hanging Jam Jar T-Light Holder,Kitchen & Dining,8020.52,3048.41,334,4.0,10088,38.0,273
Open Closed Metal Sign,Stationery & Gifts,7938.78,3573.36,388,3.0,1641,45.0,274
Blue Diner Wall Clock,Home Decor,7917.33,2770.69,347,3.0,924,35.0,275
Feltcraft Butterfly Hearts,Home Decor,7875.16,2755.96,421,2.0,5760,35.0,276
Set Of 4 Knick Knack Tins London,Storage & Organization,7825.5599999999995,2347.95,274,4.0,1862,30.0,277
Spaceboy Baby Gift Set,Stationery & Gifts,7758.7,3491.68,184,4.0,499,45.0,278
Charlotte Bag Apples Design,Storage & Organization,7741.94,2322.7,583,4.0,7976,30.0,279
Childrens Cutlery Polkadot Green,Kitchen & Dining,7701.71,2926.71,246,3.0,1829,38.0,280
White Wood Garden Plant Ladder,Garden & Outdoor,7659.3,2145.43,416,3.0,764,28.0,281
Alarm Clock Bakelike Chocolate,Home Decor,7644.23,2675.04,393,3.0,1868,35.0,282
Travel Sewing Kit,General Merchandise,7638.33,2444.3,409,3.0,4595,32.0,283
Giraffe Wooden Ruler,General Merchandise,7608.79,2434.82,274,3.0,3889,32.0,284
Hanging Heart Zinc T-Light Holder,Home Decor,7576.5599999999995,2652.0299999999997,550,3.0,8525,35.0,285
Pack Of 72 Skull Cake Cases,Kitchen & Dining,7523.469999999999,2860.06,622,3.0,13825,38.0,286
Multi Colour Silver T-Light Holder,Home Decor,7499.48,2624.75,301,3.0,9104,35.0,287
Set Of 3 Butterfly Cookie Cutters,General Merchandise,7472.75,2391.27,640,3.0,5394,32.0,288
Set Of 72 Retrospot Paper  Doilies,Stationery & Gifts,7468.599999999999,3360.5,410,4.0,5234,45.0,289
Family Photo Frame Cornice,Home Decor,7456.36,2609.13,236,3.0,788,35.0,290
Painted Metal Pears Assorted,General Merchandise,7416.13,2373.53,347,3.0,4478,32.0,291
Set/10 Red Polkadot Party Candles,Home Decor,7404.69,2591.85,355,3.0,6100,35.0,292
Grand Chocolatecandle,Home Decor,7391.51,2587.57,250,3.0,5423,35.0,293
Lunch Box With Cutlery Retrospot,Kitchen & Dining,7376.26,2802.25,444,3.0,2908,38.0,294
Box Of 6 Christmas Cake Decorations,Seasonal & Christmas,7356.18,3089.62,220,3.0,1875,42.0,295
Red Stripe Ceramic Drawer Knob,Storage & Organization,7348.22,2204.54,418,3.0,5407,30.0,296
Recipe Box Retrospot,Storage & Organization,7297.3,2188.7999999999997,411,3.0,2622,30.0,297
Black Heart Card Holder,Home Decor,7287.030000000001,2550.25,163,3.0,2713,35.0,298
Set 6 Paper Table Lantern Stars,Home Decor,7254.65,2538.46,246,3.0,1933,35.0,299
Set Of 4 Knick Knack Tins Doiley,Storage & Organization,7252.94,2175.95,182,3.0,1820,30.0,300
Set Of 20 Vintage Christmas Napkins,Seasonal & Christmas,7233.11,3037.1,513,3.0,8095,42.0,301
White Metal Lantern,Home Decor,7232.33,2531.06,264,3.0,1659,35.0,302
Pack Of 12 London Tissues,General Merchandise,7230.82,2314.15,453,3.0,23441,32.0,303
Metal 4 Hook Hanger French Chateau,Storage & Organization,7215.97,2164.95,453,3.0,2275,30.0,304
Hand Warmer Red Retrospot,General Merchandise,7192.88,2301.19,305,3.0,3595,32.0,305
Plasters In Tin Vintage Paisley,Storage & Organization,7159.78,2147.35,505,3.0,4379,30.0,306
Sweetheart Recipe Book Stand,Home Decor,7155.18,2503.62,313,3.0,1030,35.0,307
Chocolate This Way Metal Sign,Stationery & Gifts,7121.35,3204.54,427,3.0,3492,45.0,308
Funky Diva Pen,General Merchandise,7079.21,2265.76,214,4.0,8255,32.0,309
Giant 50'S Christmas Cracker,Seasonal & Christmas,7072.16,2970.78,333,3.0,2668,42.0,310
36 Doilies Vintage Christmas,Seasonal & Christmas,7061.73,2966.23,177,2.0,5172,42.0,311
Jingle Bell Heart Antique Silver,Home Decor,7044.64,2465.95,210,4.0,3567,35.0,312
Deluxe Sewing Kit,General Merchandise,7039.79,2252.31,273,4.0,1088,32.0,313
Set Of 2 Wooden Market Crates,General Merchandise,7037.36,2251.98,203,3.0,515,32.0,314
Feltcraft Christmas Fairy,Seasonal & Christmas,7023.55,2949.68,265,3.0,1721,42.0,315
Doormat Union Jack Guns And Roses,Garden & Outdoor,7021.4400000000005,1966.0900000000001,180,3.0,1171,28.0,316
Rain Poncho Retrospot,General Merchandise,7010.03,2243.19,225,3.0,8723,32.0,317
Set Of 12 Fairy Cake Baking Cases,Kitchen & Dining,7001.99,2660.25,552,3.0,8486,38.0,318
You'Re Confusing Me Metal Sign,Stationery & Gifts,6989.36,3145.53,409,3.0,4252,45.0,319
Toy Tidy Pink Polkadot,General Merchandise,6969.26,2229.98,445,3.0,3208,32.0,320
Circus Parade Lunch Box,Kitchen & Dining,6966.63,2646.96,367,4.0,3582,38.0,321
Triple Photo Frame Cornice,Home Decor,6944.22,2429.9,207,3.0,752,35.0,322
Childrens Apron Spaceboy Design,Stationery & Gifts,6935.08,3121.29,508,3.0,3560,45.0,323
Feltcraft Princess Lola Doll,General Merchandise,6905.0,2209.64,372,3.0,1843,32.0,324
Mint Kitchen Scales,Kitchen & Dining,6901.69,2622.62,326,3.0,794,38.0,325
Blue Stripe Ceramic Drawer Knob,Storage & Organization,6901.37,2070.47,405,3.0,5130,30.0,326
Jumbo Bag Dolly Girl Design,Storage & Organization,6891.29,2067.41,432,3.0,3342,30.0,327
Red Floral Feltcraft Shoulder Bag,Storage & Organization,6852.75,2055.65,268,4.0,1874,30.0,328
Union Stripe With Fringe  Hammock,General Merchandise,6827.66,2184.82,201,3.0,889,32.0,329
Large Circular Mirror Mobile,Home Decor,6820.45,2386.86,203,4.0,7111,35.0,330
Doormat 3 Smiley Cats,Garden & Outdoor,6820.389999999999,1909.74,193,3.0,1077,28.0,331
Cream Cupid Hearts Coat Hanger,Kitchen & Dining,6803.26,2585.38,242,3.0,1730,38.0,332
Set 40 Heart Shape Petit Four Cases,Home Decor,6792.23,2377.21,161,3.0,4303,35.0,333
Childrens Cutlery Dolly Girl,Kitchen & Dining,6782.76,2577.7799999999997,291,3.0,1674,38.0,334
Wall Art Classic Puddings,General Merchandise,6762.71,2164.02,150,4.0,864,32.0,335
Dolly Girl Baby Gift Set,Stationery & Gifts,6753.51,3039.25,133,3.0,435,45.0,336
Retrospot Party Bag + Sticker Set,Storage & Organization,6751.7699999999995,2025.34,296,4.0,4317,30.0,337
Zinc Metal Heart Decoration,Home Decor,6742.9,2360.23,485,3.0,5414,35.0,338
Mini Lights Woodland Mushrooms,Home Decor,6726.64,2354.15,215,3.0,1800,35.0,339
Biscuit Tin 50'S Christmas,Seasonal & Christmas,6715.93,2820.25,309,3.0,2206,42.0,340
Sweetheart Ceramic Trinket Box,Home Decor,6689.94,2341.42,448,3.0,5368,35.0,341
Advent Calendar Gingham Sack,Seasonal & Christmas,6687.78,2808.98,231,3.0,1292,42.0,342
Home Sweet Home Mug,Kitchen & Dining,6649.2,2526.63,313,3.0,5197,38.0,343
Memo Board Cottage Design,Stationery & Gifts,6621.0,2979.89,279,3.0,1383,45.0,344
Pink Baby Bunting,Home Decor,6595.2,2308.0299999999997,329,3.0,2168,35.0,345
Wooden Advent Calendar Cream,Seasonal & Christmas,6588.42,2767.11,127,3.0,438,42.0,346
Vintage Donkey Tail Game,Stationery & Gifts,6550.17,2947.29,252,3.0,1815,45.0,347
3 Drawer Antique White Wood Cabinet,Storage & Organization,6529.54,1958.77,202,4.0,742,30.0,348
Plasters In Tin Skulls,Storage & Organization,6509.47,1952.28,497,3.0,3904,30.0,349
Set/6 Red Spotty Paper Plates,Kitchen & Dining,6490.9,2467.1,502,3.0,8175,38.0,350
Vintage Christmas Stocking,Seasonal & Christmas,6488.2,2725.56,344,4.0,2390,42.0,351
Picture Frame Wood Triple Portrait,Home Decor,6483.45,2268.8599999999997,246,3.0,997,35.0,352
Vintage Snakes & Ladders,Stationery & Gifts,6482.95,2917.73,362,3.0,1666,45.0,353
Jingle Bell Heart Decoration,Home Decor,6472.36,2265.12,356,3.0,3828,35.0,354
Landmark Frame Camden Town,Home Decor,6457.15,2260.12,68,3.0,569,35.0,355
Traditional Naughts & Crosses,General Merchandise,6436.610000000001,2060.22,257,3.0,2859,32.0,356
Large Zinc Heart Wall Organiser,Home Decor,6431.110000000001,2250.9900000000002,38,2.0,1065,35.0,357
Single Heart Zinc T-Light Holder,Home Decor,6426.95,2249.67,463,3.0,5902,35.0,358
White Spot Red Ceramic Drawer Knob,Storage & Organization,6406.22,1922.02,386,3.0,4653,30.0,359
Round Cake Tin Vintage Red,Kitchen & Dining,6405.15,2433.53,245,3.0,857,38.0,360
Pantry Washing Up Brush,General Merchandise,6401.969999999999,2048.41,381,3.0,4097,32.0,361
Piggy Bank Retrospot,General Merchandise,6381.08,2041.63,290,3.0,2555,32.0,362
Set Of 60 Pantry Design Cake Cases,Kitchen & Dining,6379.59,2425.7,629,3.0,12063,38.0,363
Black/Blue Polkadot Umbrella,General Merchandise,6377.37,2040.39,262,3.0,1105,32.0,364
Childs Breakfast Set Spaceboy,Kitchen & Dining,6375.15,2422.24,193,3.0,677,38.0,365
4 Traditional Spinning Tops,General Merchandise,6372.549999999999,2039.52,438,3.0,4627,32.0,366
Regency Tea Plate Pink,Kitchen & Dining,6360.91,2416.54,305,4.0,3871,38.0,367
Beware Of The Cat Metal Sign,Stationery & Gifts,6354.66,2859.79,398,3.0,3866,45.0,368
Rose Cottage Keepsake Box,Storage & Organization,6350.04,1904.9099999999999,143,4.0,659,30.0,369
3 Tier Cake Tin Green And Cream,Kitchen & Dining,6295.51,2392.08,174,3.0,413,38.0,370
Vintage Red Kitchen Cabinet,Kitchen & Dining,6285.0,2388.3,31,4.0,48,38.0,371
Aged Glass Silver T-Light Holder,Kitchen & Dining,6256.03,2376.93,299,4.0,9577,38.0,372
Set Of 72 Pink Heart Paper Doilies,Home Decor,6246.679999999999,2185.85,485,3.0,4025,35.0,373
Retrospot Large Milk Jug,Kitchen & Dining,6227.97,2366.1,313,3.0,1262,38.0,374
Save The Planet Mug,Kitchen & Dining,6222.93,2364.62,309,3.0,5132,38.0,375
Red Retrospot Bowl,Kitchen & Dining,6207.84,2358.67,424,3.0,4897,38.0,376
Coffee Mug Apples Design,Kitchen & Dining,6195.61,2353.81,256,3.0,2764,38.0,377
Classic Glass Cookie Jar,Kitchen & Dining,6191.69,2352.67,300,3.0,1439,38.0,378
Pack Of 6 Birdy Gift Tags,Stationery & Gifts,6191.04,2785.97,333,3.0,5088,45.0,379
Doorstop Retrospot Heart,Home Decor,6181.81,2163.2,272,3.0,1510,35.0,380
Bundle Of 3 Alphabet Exercise Books,General Merchandise,6142.29,1966.27,345,3.0,3533,32.0,381
Silver Hanging T-Light Holder,Home Decor,6140.64,2148.62,252,3.0,3833,35.0,382
Place Setting White Heart,Home Decor,6136.88,2148.08,306,3.0,14734,35.0,383
Heart Filigree Dove  Small,Home Decor,6130.65,2145.71,256,3.0,4938,35.0,384
Parisienne Jewellery Drawer,Storage & Organization,6102.18,1830.71,258,3.0,813,30.0,385
Chick Grey Hot Water Bottle,Kitchen & Dining,6099.06,2317.63,307,3.0,1303,38.0,386
Wooden Happy Birthday Garland,Home Decor,6092.15,2131.77,276,3.0,2093,35.0,387
Bingo Set,General Merchandise,6046.76,1935.09,331,3.0,1549,32.0,388
Tea Time Tea Towels,Kitchen & Dining,6045.0,2297.1000000000004,2,10.0,2600,38.0,389
Wall Art Stop For Tea,General Merchandise,6042.150000000001,1933.22,219,4.0,870,32.0,390
Set Of 2 Tea Towels Apple And Pears,Kitchen & Dining,6004.69,2282.03,263,3.0,1957,38.0,391
Red Retrospot Shopper Bag,Storage & Organization,5992.22,1798.09,546,3.0,4494,30.0,392
Set Of 6 Tea Time Baking Cases,Kitchen & Dining,5988.05,2275.67,378,3.0,4981,38.0,393
Wall Art Bicycle Safety,General Merchandise,5983.900000000001,1914.98,173,3.0,850,32.0,394
Vintage Christmas Gift Sack,Seasonal & Christmas,5968.3,2506.45,214,4.0,1424,42.0,395
Lantern Cream Gazebo,Home Decor,5963.3099999999995,2087.36,274,3.0,1201,35.0,396
Pink Fairy Cake Childrens Apron,Kitchen & Dining,5960.88,2265.0,451,3.0,3086,38.0,397
Recycled Acapulco Mat Turquoise,General Merchandise,5949.34,1903.69,278,3.0,654,32.0,398
Set/10 Pink Polkadot Party Candles,Home Decor,5930.73,2076.02,325,4.0,4838,35.0,399
Set Of 4 Jam Jar Magnets,Kitchen & Dining,5907.360000000001,2244.25,235,4.0,2732,38.0,400
Victorian Sewing Box Medium,Storage & Organization,5897.09,1769.12,221,3.0,609,30.0,401
Victorian Sewing Box Small,Storage & Organization,5884.11,1765.13,236,4.0,976,30.0,402
Candleholder Pink Hanging Heart,Home Decor,5873.3099999999995,2054.9,355,4.0,2063,35.0,403
Pantry Chopping Board,General Merchandise,5868.5,1877.8099999999997,57,2.0,1154,32.0,404
Love Seat Antique White Metal,General Merchandise,5860.0,1875.2,40,2.0,56,32.0,405
Botanical Gardens Wall Clock,Home Decor,5843.92,2045.38,83,3.0,262,35.0,406
72 Sweetheart Fairy Cake Cases,Kitchen & Dining,5839.32,2220.2,565,3.0,11891,38.0,407
Brocade Ring Purse,Storage & Organization,5823.64,1746.91,221,4.0,21905,30.0,408
Childs Breakfast Set Dolly Girl,Kitchen & Dining,5809.849999999999,2207.46,169,5.0,618,38.0,409
Red Retrospot Oven Glove,General Merchandise,5774.53,1847.92,403,3.0,3668,32.0,410
Christmas Craft Tree Top Angel,Seasonal & Christmas,5773.3099999999995,2424.16,391,3.0,2521,42.0,411
Pack Of 60 Dinosaur Cake Cases,Kitchen & Dining,5770.139999999999,2193.99,577,3.0,11602,38.0,412
Doormat Topiary,Garden & Outdoor,5767.95,1614.98,195,3.0,873,28.0,413
Full English Breakfast Plate,Kitchen & Dining,5764.68,2190.02,248,4.0,1390,38.0,414
Blue Spot Ceramic Drawer Knob,Storage & Organization,5750.849999999999,1725.27,354,4.0,4034,30.0,415
Red Spot Ceramic Drawer Knob,Storage & Organization,5697.95,1709.47,347,3.0,4082,30.0,416
English Rose Hot Water Bottle,Kitchen & Dining,5692.81,2163.57,304,3.0,1275,38.0,417
Suki  Shoulder Bag,Storage & Organization,5662.42,1698.6000000000001,484,3.0,3115,30.0,418
Pack Of 20 Napkins Pantry Design,Kitchen & Dining,5579.29,2121.06,650,3.0,6472,38.0,419
Wall Art Big Love,General Merchandise,5559.11,1778.69,112,2.0,979,32.0,420
Red Retrospot Plate,Kitchen & Dining,5558.75,2112.58,286,3.0,3301,38.0,421
Queens Guard Coffee Mug,Kitchen & Dining,5557.02,2111.37,260,4.0,2312,38.0,422
Doormat Airmail,Garden & Outdoor,5543.29,1552.11,196,3.0,749,28.0,423
White Spot Blue Ceramic Drawer Knob,Storage & Organization,5540.59,1662.26,339,3.0,3943,30.0,424
Treasure Island Book Box,Storage & Organization,5528.04,1658.55,267,3.0,2535,30.0,425
Large Ivory Heart Wall Organiser,Home Decor,5525.4,1934.26,155,4.0,782,35.0,426
Retrospot Childrens Apron,General Merchandise,5522.88,1766.8700000000001,326,3.0,2878,32.0,427
Paper Bunting Coloured Lace,Home Decor,5519.42,1931.42,228,3.0,1842,35.0,428
Set Of 5 Lucky Cat Magnets,Stationery & Gifts,5517.99,2483.1600000000003,255,3.0,2635,45.0,429
Lunch Bag Paisley Park,Kitchen & Dining,5513.83,2095.38,325,3.0,3395,38.0,430
Set 3 Wicker Oval Baskets W Lids,Storage & Organization,5491.45,1647.4099999999999,21,4.0,419,30.0,431
Natural Slate Rectangle Chalkboard,General Merchandise,5422.93,1735.71,396,3.0,3114,32.0,432
Small Zinc Heart Wall Organiser,Home Decor,5416.18,1895.6100000000001,45,3.0,1541,35.0,433
Photo Frame 3 Classic Hanging,Home Decor,5415.3099999999995,1894.79,215,3.0,548,35.0,434
Red Retrospot Small Milk Jug,Kitchen & Dining,5411.21,2055.7599999999998,336,3.0,2215,38.0,435
Charlotte Bag Vintage Alphabet,Storage & Organization,5407.58,1622.41,445,3.0,5459,30.0,436
Doormat Respectable House,Garden & Outdoor,5396.49,1510.98,157,3.0,749,28.0,437
Vintage Doily Deluxe Sewing Kit,Stationery & Gifts,5377.81,2420.11,205,3.0,813,45.0,438
3 Stripey Mice Feltcraft,General Merchandise,5339.55,1707.9,419,3.0,2764,32.0,439
Feltcraft Princess Olivia Doll,General Merchandise,5334.4,1707.07,264,3.0,1439,32.0,440
Travel Card Wallet Keep Calm,Storage & Organization,5314.900000000001,1594.19,534,3.0,12490,30.0,441
Dog Bowl Chasing Ball Design,Kitchen & Dining,5306.16,2016.1499999999999,124,3.0,1349,38.0,442
Enamel Measuring Jug Cream,Kitchen & Dining,5303.33,2015.7,355,4.0,1219,38.0,443
Polkadot Pen,General Merchandise,5279.38,1689.68,145,3.0,6298,32.0,444
Party Metal Sign,Stationery & Gifts,5225.8099999999995,2351.28,458,4.0,3411,45.0,445
Small Ivory Heart Wall Organiser,Home Decor,5219.1,1826.62,152,4.0,1034,35.0,446
Hanging Metal Heart Lantern,Home Decor,5214.56,1824.82,328,3.0,3260,35.0,447
Sombrero,General Merchandise,5207.1,1666.19,56,6.0,4010,32.0,448
Pack Of 6 Pannetone Gift Boxes,Storage & Organization,5202.58,1560.77,159,3.0,2035,30.0,449
Set Of 3 Wooden Heart Decorations,Home Decor,5184.69,1814.86,445,3.0,3893,35.0,450
Set Of 6 Nativity Magnets,Stationery & Gifts,5170.1,2326.5,163,3.0,2570,45.0,451
Frying Pan Union Flag,General Merchandise,5166.13,1653.06,172,3.0,1213,32.0,452
Large Ceramic Top Storage Jar,Kitchen & Dining,5147.66,1955.7,280,3.0,3118,38.0,453
Regency Tea Strainer,Kitchen & Dining,5143.69,1954.3600000000001,176,3.0,1412,38.0,454
3 Piece Spaceboy Cookie Cutter Set,General Merchandise,5140.78,1644.46,342,4.0,2477,32.0,455
Gingham Heart Decoration,Home Decor,5125.46,1793.8799999999999,413,3.0,6152,35.0,456
Foot Stool Home Sweet Home,General Merchandise,5097.65,1631.22,217,3.0,489,32.0,457
Biscuit Tin Vintage Christmas,Seasonal & Christmas,5088.45,2136.7,277,3.0,1725,42.0,458
Feltcraft Girl Amelie Kit,General Merchandise,5083.89,1626.98,275,3.0,1012,32.0,459
Set Of 12 Mini Loaf Baking Cases,Kitchen & Dining,5078.43,1929.43,444,3.0,6140,38.0,460
Pantry Magnetic  Shopping List,Stationery & Gifts,5068.4,2280.23,475,3.0,3346,45.0,461
10 Colour Spaceboy Pen,General Merchandise,5060.179999999999,1619.2,281,3.0,5981,32.0,462
Pack Of Six Led Tea Lights,Kitchen & Dining,5048.72,1918.71,203,3.0,1766,38.0,463
Red 3 Piece Retrospot Cutlery Set,Kitchen & Dining,5039.68,1915.04,80,3.0,1357,38.0,464
Vintage Christmas Tablecloth,Seasonal & Christmas,5037.96,2115.93,117,4.0,409,42.0,465
Welcome  Wooden Block Letters,Stationery & Gifts,5027.23,2262.29,180,3.0,503,45.0,466
Set 3 Paper Vintage Chick Paper Egg,Stationery & Gifts,5023.5,2260.37,214,3.0,1778,45.0,467
Calendar Paper Cut Design,Stationery & Gifts,5015.58,2256.85,238,3.0,1714,45.0,468
Wall Art Keep Calm,General Merchandise,5003.04,1600.96,83,3.0,968,32.0,469
Bubblegum Ring Assorted,General Merchandise,4997.28,1599.59,245,4.0,12050,32.0,470
Heart Ivory Trellis Small,Home Decor,4978.28,1742.21,335,4.0,3817,35.0,471
Landmark Frame Covent Garden,Home Decor,4974.51,1741.1200000000001,53,4.0,439,35.0,472
Scandinavian Paisley Picnic Bag,Storage & Organization,4960.67,1487.99,440,3.0,2711,30.0,473
Rustic  Seventeen Drawer Sideboard,Storage & Organization,4960.0,1488.0,24,2.0,32,30.0,474
Skull Lunch Box With Cutlery,Kitchen & Dining,4959.18,1883.86,380,3.0,1896,38.0,475
Vintage Cream Cat Food Container,Storage & Organization,4945.74,1483.55,286,4.0,748,30.0,476
Traditional Pick Up Sticks Game,General Merchandise,4944.37,1582.17,276,3.0,2782,32.0,477
Christmas Lights 10 Vintage Baubles,Seasonal & Christmas,4939.8099999999995,2074.76,149,3.0,1005,42.0,478
Childrens Apron Apples Design,Stationery & Gifts,4939.26,2222.85,337,3.0,2324,45.0,479
Circus Parade Baby Gift Set,Stationery & Gifts,4896.55,2203.6,111,3.0,316,45.0,480
Coffee Mug Pears  Design,Kitchen & Dining,4895.49,1859.85,206,3.0,2229,38.0,481
Roll Wrap 50'S Christmas,Seasonal & Christmas,4880.65,2049.71,354,3.0,3539,42.0,482
Heart Ivory Trellis Large,Home Decor,4875.99,1706.3799999999999,291,3.0,2923,35.0,483
Antique Glass Dressing Table Pot,Kitchen & Dining,4870.8,1850.8700000000001,229,3.0,1584,38.0,484
Ceramic Strawberry Cake Money Bank,Kitchen & Dining,4865.36,1848.47,339,3.0,3680,38.0,485
Playing Cards Keep Calm & Carry On,Stationery & Gifts,4864.3,2188.78,335,3.0,3646,45.0,486
Set3 Book Box Green Gingham Flower,Home Decor,4848.22,1696.72,245,3.0,1132,35.0,487
Gumball Magazine Rack,Storage & Organization,4846.860000000001,1454.39,211,3.0,581,30.0,488
Strawberry   Picnic Bag,Storage & Organization,4845.71,1453.26,242,3.0,1693,30.0,489
Landmark Frame Oxford Street,Home Decor,4830.53,1690.77,57,4.0,424,35.0,490
Pink Drawer Knob Acrylic Edwardian,Storage & Organization,4829.54,1449.03,235,3.0,3523,30.0,491
Doormat Merry Christmas Red,Seasonal & Christmas,4826.72,2027.06,130,3.0,638,42.0,492
Pink Vintage Paisley Picnic Bag,Storage & Organization,4825.35,1447.43,400,4.0,2632,30.0,493
I'M On Holiday Metal Sign,Stationery & Gifts,4822.84,2170.0299999999997,348,3.0,2272,45.0,494
Landmark Frame Notting Hill,Home Decor,4818.07,1686.37,50,4.0,424,35.0,495
Home Sweet Home Metal Sign,Stationery & Gifts,4813.71,2166.19,256,3.0,1657,45.0,496
Set Of 5 Pancake Day Magnets,Kitchen & Dining,4771.76,1812.79,223,3.0,2321,38.0,497
Box Of Vintage Jigsaw Blocks,Storage & Organization,4769.27,1431.03,205,3.0,848,30.0,498
Bull Dog Bottle Opener,Kitchen & Dining,4764.5,1810.1299999999999,264,4.0,874,38.0,499
Set/10 Blue Polkadot Party Candles,Home Decor,4763.0199999999995,1667.25,230,3.0,3934,35.0,500
